Well_ID,"Predicted 3 yr Oil Recovery, MTSB"
Well_no_74,772.0048
Well_no_75,760.6265
Well_no_76,820.1308
Well_no_77,849.77045
Well_no_78,799.2183
Well_no_79,826.35876
Well_no_80,794.67804
Well_no_81,753.0981
Well_no_82,817.77496
Well_no_83,784.7007
